image_1,image_2,image_3,style_id,Category,Sub Category,Apparel Type,Closure Silhouette,Color Family,Compression,Graphic Placement,Neckline,Pattern,Sleeve Length,Top Length
https://dks.scene7.com/is/image/GolfGalaxy/17NIKWNCBMGRYWDRSAPT,,,00035925XAL5,Womens ,Dresses,,,,,,,,,
https://dks.scene7.com/is/image/GolfGalaxy/17NIKWNCFLRDGRYWDAPT,,,00035925XFG5,Womens ,Dresses,,,,,,,,,
https://dks.scene7.com/is/image/GolfGalaxy/17NIKWNCFSGRYWDRSAPT,,,00035925XFS5,Womens ,Dresses,,,,,,,,,
https://dks.scene7.com/is/image/GolfGalaxy/17NIKWNCGRGGRYWDRAPT,,,00035925XGG5,Womens ,Dresses,,,,,,,,,
https://dks.scene7.com/is/image/GolfGalaxy/17NIKWNCLSGRYWDRSAPT,,,00035925XLS5,Womens ,Dresses,,,,,,,,,
https://dks.scene7.com/is/image/GolfGalaxy/17NIKWNCMCHGRYWDRAPT,,,00035925XMC5,Womens ,Dresses,,,,,,,,,
https://dks.scene7.com/is/image/GolfGalaxy/17NIKWNCMCHSTGRYWAPTF,,,00035925XMS5,Womens ,Dresses,,,,,,,,,
https://dks.scene7.com/is/image/GolfGalaxy/17NIKWNCHSTGRYWDRAPT,,,00035925XOS5,Womens ,Dresses,,,,,,,,,
https://dks.scene7.com/is/image/GolfGalaxy/17NIKWNCPSGRYWDRSAPT,,,00035925XPE5,Womens ,Dresses,,,,,,,,,
https://dks.scene7.com/is/image/GolfGalaxy/17NIKWNCTNNGRYWDRAPTA,,,00035925XTN5,Womens ,Dresses,,,,,,,,,
https://dks.scene7.com/is/image/GolfGalaxy/17NIKWNCWVGRYWDRSAPT,,,00035925XWV5,Womens ,Dresses,,,,,,,,,
https://dks.scene7.com/is/image/GolfGalaxy/20JSAWSLRWRSLDDRSAPT_Sugar,,,01433-02,Womens ,Dresses,,,,,,,,,
https://dks.scene7.com/is/image/GolfGalaxy/19GPKWSLDTPRNTDRSAPT_Inky_Multi,,,0510NEA-INKM,Womens ,Dresses,,,,,,,,,
https://dks.scene7.com/is/image/GolfGalaxy/20GPKWSLCTWYPTCHWAPT_Inky_Multi,,,0630NFC-062,Womens ,Dresses,,,,,,,,,
https://dks.scene7.com/is/image/GolfGalaxy/20EPRWSLQZTDYDRSSAPT_Swimming_Multi,,,0810NHA-064,Womens ,Dresses,,,,,,,,,
https://dks.scene7.com/is/image/GolfGalaxy/21EPRWSLSWRLNGWVSAPT_Inky_Multi,,,0830NHC-064,Womens ,Dresses,,,,,,,,,
https://dks.scene7.com/is/image/GolfGalaxy/18LGAWWMNSCFT2DRSTPS_Black_Purple,,,1029074-236-XS,Womens ,Dresses,,,,,,,,,
https://dks.scene7.com/is/image/GolfGalaxy/20JSAWSSSHBRDRSSMAPT_Mint_Julep,,,11401-252,Womens ,Dresses,,,,,,,,,
https://dks.scene7.com/is/image/GolfGalaxy/16UARWFVRTFRNCHTRAPTA_True_Gray_Heather,,,1277212,Womens ,Dresses,,,,,,,,,
